Asset,Value
WTI Crude,97.63
Natural Gas,3.1
Copper,12528.70954545455
Corn,213.3041428571428
Wheat,193.8771220833334
Soybeans,406.4395857681243
Cotton,76.93863636363636
Sugar,33.40454545454545
Coffee,334.1118181818182
S&P 500,7609.78
NASDAQ,27093.9
Dow Jones,51307.79
VIX,16.05
2Y Treasury,4.05
10Y Treasury,4.47
30Y Treasury,4.99
Fed Funds,3.63
Unemployment,4.3
Inflation,332.407
