Asset,Value
Rice,401.0
Barley,123.1416568696862
Oats,93.2
Beef,341.7424242424243
Pork,84.6364813534033
Milk,4.217
Poultry,2.036
Eggs,2.191
S&P 500,7483.24
NASDAQ,25832.67
Dow Jones,52900.07
VIX,16.59
2Y Treasury,4.17
10Y Treasury,4.48
30Y Treasury,4.97
USD/INR,94.37
JPY/USD,161.67
EUR/USD,1.1403
GBP/USD,1.3223
CHF/USD,0.8082
CAD/USD,1.4182
KRW/USD,1533.44
AUD/USD,0.6907
US Dollar Index,120.8866
Fed Funds,3.63
Unemployment,4.2
Inflation,333.979
