Asset,Value
Rice,400.0
Barley,122.5665769562634
Oats,93.2
Beef,346.3847402597403
Pork,88.79821821939393
Milk,4.317
Poultry,2.044
Eggs,2.141
S&P 500,7533.77
NASDAQ,25881.95
Dow Jones,52552.97
VIX,16.73
2Y Treasury,4.13
10Y Treasury,4.55
30Y Treasury,5.08
USD/INR,95.33
JPY/USD,161.31
EUR/USD,1.1438
GBP/USD,1.3421
CHF/USD,0.8063
CAD/USD,1.4132
KRW/USD,1501.06
AUD/USD,0.6959
US Dollar Index,120.5046
Fed Funds,3.63
Unemployment,4.2
Inflation,332.568
